title,ingredients,instruction,list_for_serving,_id
Shredded Beef Tacos,"['1 (2.5 - 3 lb) chuck roast or cross rib roast', '1 1/2 Tbsp', '', '1 (14 oz) can beef broth', '1 1/2 Tbsp', '1/2 Tbsp', '1/2 Tbsp', '1 tsp', 'Juice of 1 lime']","['Slow Cooker Best Method 1: Heat olive oil in a large pot over medium-high heat. Dab both sides of beef dry with paper towels.\xa0Season beef with salt and pepper (about 1 tsp salt, 3/4 tsp pepper) and sear in pot until browned on both sides, about 3 to 4 minutes on each side.', 'Transfer beef to a 6 or 7 quart slow cooker. Remove pot from heat and add chili powder, cumin, onion powder and garlic powder all at once and saute just briefly (using the residual heat of the pot), then pour in beef broth and scrape up browned bits from bottom of pan. Pour broth mixture over roast in slow cooker, skip to step 4.', 'Slow Cooker Quick Method 2: Place roast in slow cooker, pour in broth. Sprinkle with salt and pepper, chili powder, cumin,  onion powder and garlic powder (pouring spices over the roast and into the broth on the sides).', 'Cover slow cooker and cook on low heat 8 hours.', 'Remove roast from slow cooker, shred beef (remove fat) and return shredded beef to slow cooker (season with a little more salt if needed).\xa0', 'Add in lime juice, cover with lid and cook on low an additional 10 minutes while preparing toppings and tortillas.', 'Remove beef from slow cooker with tongs to remove juices when plating or drain in a colander.\xa0', 'Serve in warmed tortillas with desired toppings.']","['Warmed corn tortillas or fresh flour tortillas', 'Chopped romaine lettuce', 'Shredded monterey jack or cheddar cheese', 'Guacamole or diced avocados', 'or Mexican crema', 'Fresh pico de gallo or diced tomatoes', 'Freshly squeezed lime juice', 'Mexican hot sauce', 'such as Tapatio or Valentina']",673b98e311e322a5d3ed8b40
Taco Pasta,"['1 Tbsp', '1 cup chopped', '1 lb 93% lean ground beef*', 'and black pepper', '2 tsp minced', '1 1/2 Tbsp', '1 1/2 tsp', '1 tsp', '1 1/4 cups then 1/4 cup more if needed', '2 cups', '1 (14.5 oz) can fire roasted tomatoes (undrained)', '1 (4 oz) can can mild green chilies (undrained)', '12 oz. fusilli pasta', '1 cup (4 oz) shredded sharp cheddar cheese,  plus more for serving if desired', '2 Tbsp chopped or parsley (optional)']","['Heat olive oil in a 12-inch saute pan (4 quart) or a pot over medium-high heat. Add onion and saute 4 minutes. ', 'Scoot onion to the side and crumble in beef into pan in small chunks, season lightly with salt. ', 'Let the beef cook until slightly browned on bottom about 2 to 3 minutes then break up beef, toss with onions and add garlic. Continue to cook while tossing and breaking up beef occasionally, until beef is cooked through, about 3 to 4 minutes longer (drain fat if you used a fattier ground beef).', 'Add chili powder, cumin and paprika and cook 30 seconds, tossing occasionally.', 'Pour in chicken broth, milk, tomatoes, and green chilies. Season mixture with salt and pepper to taste. Bring mixture to a simmer then add pasta and stir (try to submerge pasta in liquid as much as possible).', 'Reduce heat to medium-low, cover and simmer 6 minutes. Then stir and continue to cook until pasta is tender about 6 to 8 minutes longer. Stir again.', 'Let rest off heat 1 minute for liquid to soak in, then toss in cheddar cheese and let melt. Thin with a little more chicken broth as needed.', 'Garnish with cilantro or parsley if desired.']",[],673b98e311e322a5d3ed8b41
Sloppy Joes,"['1 Tbsp', '3/4 cup', '3/4 cup chopped red bell pepper', '1 lb', '2 minced (2 tsp)', '1 tsp (regular or Ancho)', '1 tsp (sweet or smoked)', '1/2 tsp ground mustard', '', '1 (8 oz) can', '1/2 cup', '1 Tbsp', '1 tsp natural hickory smoke flavor', 'Water or broth, for thinning as needed', '4  or bakery fresh']","['Crumble in beef, let sear until browned on bottom, about 2 - 3 minutes. Then turn and start to break up beef and toss with peppers and onions, continue to cook 2 - 3 minutes or until nearly cooked through.\xa0', 'Stir in tomato sauce, ketchup, Worcestershire, smoke flavor. Reduce heat and simmer until heated through, about 2 minutes. Thin the mixture with splashes of water, beef broth or chicken broth as needed.']",[],673b98e311e322a5d3ed8b42
Sausage and Peppers,"['5 Italian sausage links (20 oz.), mild or spicy', '1 Tbsp', '2 large (one red, and one yellow or green), cored and sliced', '1 large sliced', '3 Tbsp', '1 Tbsp minced', '1/2 tsp or to taste', '3/4 cup them more to taste', '1 Tbsp', '1 large roma tomato, halved and sliced', '3 Tbsp chopped', '1 tsp', '1/4 cup finely shredded (grate with a rasp grater)', 'or parsley, for garnish']","['Heat olive oil on a large skillet over medium heat. Add sausage and cook until browned on all sides, about 8 to 10 minutes. Transfer sausage to a plate while leaving rendered fat in skillet.', 'Return pan to medium heat, add bell peppers and onions and saute 3 minutes.', 'Add tomato paste, garlic, and red pepper flakes and saute 1 minute.', 'Pour in chicken broth and balsamic vinegar, add tomato, basil, oregano, and season with salt and pepper to taste. Toss mixture then nestle sausages into pepper mixture. ', 'Bring to a simmer, then reduce heat to low. Cover and simmer until sausages are cooked through (160°F in center) and peppers are tender, about 10 minutes. If needed add another 1/4 cup chicken broth to thin sauce.', 'Remove sausages and let rest 5 minutes on a cutting board tented with foil.  Keep pepper mixture in pan covered with lid so it stays warm.', 'Slice sausage then return to pan along with parmesan cheese. Toss mixture. Garnish with basil or parsley. Serve in hoagie buns, or with potatoes, rice, polenta, pasta, etc.']",[],673b98e311e322a5d3ed8b43
Korean Beef Bowls,"['1 1/2 Tbsp', '1 1/2 Tbsp  (light can be substituted)', '1 Tbsp', '2 tsp', '3 Tbsp', '2 Tbsp  water', '2 tsp', '18  oz.  85% lean ground beef', '1/3 cup white and light portion', '1  Tbsp', '1 Tbsp peeled and minced fresh ginger', '1/2 tsp (optional)', '1 tsp mixed with 2 tsp water (optional)', 'Chopped green onions (green portion), chopped unsalted peanuts, or toasted sesame seeds', '2 cups cooked white or brown rice, or cauliflower ""rice"" (or more as desired)']","['In a small mixing bowl whisk together honey, brown sugar, sesame oil, lime juice, soy sauce and water. Set aside.', ""Preheat a 12-inch non-stick skillet over moderately high heat. Crumble beef into 1-inch chunks. Add oil to skillet and beef chunks (while leaving some space between them so they brown and don't steam)."", 'Let beef cook undisturbed for 2 1/2 - 3 minutes until nicely browned on bottom.\xa0Sprinkle in green onions (white/light portion), garlic, ginger and optional red pepper flakes.', ""Toss and break up beef and continue to cook until beef if fully browned and cooked through, about 2 - 3 minutes longer.\xa0If there's excess fat you can dab some if up using a few balled up paper towels held by tongs."", 'Pour in honey mixture and reduce heat to medium. If you want the sauce thickened add cornstarch/water mixture at this point. Simmer beef with sauce, stirring frequently for about 1 minute. Taste for more soy sauce or a little salt if needed.', 'Serve warm over rice, sprinkle with green onions greens, peanuts or toasted sesame seeds.\xa0']",[],673b98e311e322a5d3ed8b44
Ham and Cheese Sliders,"['12 square dinner rolls (from bakery as a whole slab), halved through center', '1 1/2 Tbsp', '1 Tbsp', '1 1/2 Tbsp', '2 tsp', '1 lb thin sliced deli ham, such as black forest ham', '12 oz. sliced']","['Preheat oven to 350 degrees. ', 'Place bottom portion of roll halves (still intact as a single slab) into 13 by 9-inch baking dish.', 'In a small mixing bowl stir together yellow mustard, dijon mustard, mayonnaise and honey. Spread half of the mixture over bottom roll halves in baking dish and also over the the bottom side of the tops of the rolls halves.', 'Layer ham slices over the roll bottoms in the baking dish, folding and overlapping it to fit. ', 'Top ham with a layer of the Swiss cheese, folding and overlapping to fit slices.', 'Cover the cheese with the top halves of the rolls.', 'To a microwave safe bowl add butter, poppy seeds, sesame seeds, onion, and garlic powder. Heat in microwave until melted, stir in Worcestershire sauce.', 'Generously brush all of the butter mixture over tops of rolls.', 'Cover with foil and bake until cheese has nearly melted, about 20 minutes. Uncover and bake 5 minutes longer. Serve warm.', 'Optionally you can garnish with 1 Tbsp finely minced parsley for a pop of fresh color.']","['5', 'Tbsp', 'cut into 1 Tbsp pieces', '1 1/2', 'tsp', '1 1/2', 'tsp', '(white or black)', '2', 'tsp', 'dried minced onion', '1/2', 'tsp', '2', 'tsp']",673b98e311e322a5d3ed8b45
Black Bean Soup,"['4 (14.5 oz) cans black beans, divided', '6 slices (7 oz) chopped into small pieces', '1 large chopped (1 3/4 cups)', '1 medium  or 1 large poblano pepper, seeded, stemmed and diced small', '4 tsp minced (4 cloves)', '2 (14.5 oz) cans divided', '1 (14.5 oz) can fire roasted diced tomatoes', '1 tsp (regular or Ancho)', '1 tsp', 'and black pepper', '1 Tbsp', '1/3 cup chopped']","['Place 1 1/2 cans of drained black beans in a food processor along with 1/2 cup of the chicken broth and pulse until well pureed. Rinse remaining 2 1/2 cans of black beans in a colander. Set all black beans aside.', 'Heat a large pot over medium heat. Add bacon and cook until crisp, tossing occasionally. Transfer to a paper towel lined plate leaving rendered bacon fat in pot.', 'Add in onions and bell pepper or poblano pepper to pot and saute 3 minutes then add garlic, chili powder and cumin and saute 1 minute longer. Stir in remaining chicken broth (3 cups). ', 'Pour in remaining chicken broth (3 cups) black beans, black bean puree mixture, fire roasted tomatoes, and season with salt and pepper to taste. ', 'Bring to a boil then reduce heat to medium-low, cover and simmer 15 minutes, stirring occasionally.', 'Stir cooked bacon, lime juice and cilantro and serve warm with desired toppings.']","[', cheese (shredded Mexican or cheddar cheese), diced avocado, diced roma tomatoes, chopped cilantro, tortilla chips']",673b98e311e322a5d3ed8b46
Greek Meatballs (Keftedes),"['1 1/2 Tbsp', '1 1/2 cups (3.5 oz) stale sourdough breadcrumbs** (from about 2 slices)', '1/3 cup', '2 lbs 85% lean ground beef', '2 tsp', '1 tsp', '2 tsp', '1 1/2 tsp', '1 tsp', '1/4 cup finely chopped', '1/4 cup finely chopped fresh mint or cilantro', '1/2 cup finely minced (chop as small as you mince garlic)', '2 tsp minced', '2 large']","['Preheat oven to 425 degrees. Brush a baking sheet (preferably dark non-stick) with 1 1/2 Tbsp olive oil.', 'In a mixing bowl toss fresh bread crumbs with milk. Let rest 5 minutes while you prepare the ingredients for the meatballs.', 'Add ground beef to the soaked crumbs, evenly sprinkle over salt, pepper, cumin, oregano, and coriander. Add parsley, mint, red onion, garlic and eggs.', 'Toss mixture with your hands and gently crumble and mix together until mixture is uniformly combined.', 'Shape meatball mixture into balls about 1 1/2 inches each or 42 grams.', 'Place on baking sheet and rub bottom side over the olive oil. Repeat to use up all of the meatball mixture and space meatballs evenly apart on baking sheet.', 'Bake in preheated oven until center of meatballs registers 165 degrees, about 15 to 19 minutes (test a few meatballs in center of baking sheet too for doneness as the center usually cooks a little slower than edges).', 'Preferably serve with fresh made ', ' for dipping.']",[],673b98e311e322a5d3ed8b47
Texas Chili Con Carne,"['4 New Mexico chilies,  stems and seeds removed (about 5 to 6-inches each)', '3 Ancho chilies, stems and seeds removed (about 4 inches each)', '3 cups then more as needed', '4 lbs. boneless beef chuck, cut into bite size cubes (about 1 inch)', '2 Tbsp', 'and black pepper', '1 extra large chopped (2.5 cups)', '1 chopped (1.5 cups)', '2 to 6 jalapeños, seeds and ribs removed for less heat if desired, diced (optional)*', '4 minced (1.5 Tbsp)', '1 Tbsp', '2 tsp', '1 1/2 tsp', '1/2 tsp', '2 tsp Mexican oregano', '2 tsp', '2 cups tomato puree, then more as needed']","['Heat a large pot over medium heat. Add chilies and let cook on each side until slightly darkened and toasted, about 2 minutes per side.', 'Pour in chicken broth and bring to a boil. Remove from heat, cover and let steep for 5 to 10 minutes until peppers have softened.', ""Transfer mixture to a blender. Remove center insert from lid and cover blender, then place a folded kitchen towel over top (this allows steam to escape so lid doesn't burst off from built up excessive trapped heat). Start blending on low speed then slowly increase to high and blend mixture until smooth. Set aside."", 'Heat 1 Tbsp oil in pot over medium-high heat. Dab roast dry. Working in 3 to 4 batches season with salt and pepper then sear pieces in pot, leaving space between pieces and not over-crowding. Sear about 3 minutes on top and bottom side. Transfer pieces to a bowl, and repeat with remaining beef (can add a little more oil if needed).', 'Return clean pot to medium-high heat. Add onion, bell pepper and jalapeños. Saute 4 minutes.', 'Add garlic, cumin, paprika, coriander and allspice and saute 1 minute longer.', 'Pour in tomato puree, chili pepper mixture, Mexican oregano and cocoa powder. Add seared beef and stir.', 'Bring mixture to a simmer then reduce heat to low (it should maintain a very light simmer). Cook until beef is tender, about 2 to 3 hours while adding more broth to thin as desired and more tomato puree for a thicker consistency and more tomato flavor. ', 'Season soup to taste with salt and pepper (do this near the end of soup cooking after broth has reduced as the salts will become more concentrated and you may not need to add very much).']","['shredded cheddar cheese, chopped cilantro, lime wedges, sour cream, Mexican hot sauce, diced onions (green, purple or yellow)']",673b98e311e322a5d3ed8b48
Hamburgers,"['1 1/4 lbs to 1 1/2 lbs 80 to 85% lean ground beef', '3/4 to 1 tsp table salt', '1/2 tsp', '2 tsp', '4 preferably   or bakery fresh, halved, sprayed with olive oil spray and lightly toasted in oven or countertop oven if desired']","['Divide ground beef into 4 equal portions of 5 oz each if using 1 1/4 lbs, or 6 oz each if using 1 1/2 lbs beef. Note that a ', ' will work best for the most even size and therefor even cooking time among the burgers.', ""Gently shape each portion into cylinder like shape then smash into a round that is 4-inches wide and about 3/4-inch thick. Make a slight indent in the center of each patty (so they'll end up cooking more level rather than domed)."", 'Season evenly and quite generously with the salt and pepper on both sides, just once you are ready to cook the burgers.', 'Oil the ', ' with vegetable oil (it works well to just use a balled up paper towel to spread it around), then preheat skillet over medium-high heat on the stovetop. It should heat about 5 to 8 minutes until oil is nearly smoking.  (I recommend turning on exhaust fan too)', 'Place patties in a skillet spacing evenly apart and using a spatula press down over the top of them so the bottom of the burger makes direct contact with the surface of the pan and therefor browns evenly.', 'Let cook undisturbed until nicely browned on bottom, about 4 minutes. Flip and cook until opposite side is browned and burger is cooked through, about 3 to 5 minutes longer. Add cheese after turning if using so it has enough time to melt. ', 'Note that if burger is browning to quickly as it cooks reduce temperature to medium, if using the largest burner on the stove you may find medium is sufficient for entire cook time.', 'I recommend using an instant read food thermometer to test internal temperature of the burgers for doneness. Medium well is 150 to 155. Note that recommend food safe temperature for ground beef is 160 degrees in center.', 'Serve hamburgers in buns with desired sauce and toppings.', 'Preheat a gas grill over medium high heat to 425 to 450 degrees. Clean grill grates and brush with the vegetable oil (using a balled up paper towel and tongs).', 'Place patties on grill (over area of flames). Cover with lid and let grill 4 minutes then turn to opposite side and cook through, about 3 to 5 minutes longer. If adding cheese place on top after turning to allow time to melt.', 'Place a ', ' on a rack in center of the oven. Preheat to 500 degrees. ', 'Once preheated remove hot pan from oven using hot pads and immediately brush oil into pan (using tongs and balled up paper towel). Add burger patties right away and slightly press down with a spatula so they make even contact with pan.', ""Return hot pan to oven right away (again use hot pads pan is extremely hot), reduce oven temperature to 400 degrees and bake until burgers are cooked through, about 7 to 9 minutes, turning during last 1 minute. If you'd like to add cheese add after turning at last 1 minute.""]","['Sauce', 'such as ketchup, mustard, mayo, guacamole or spread**', 'Sliced cheddar cheese,', 'American cheese, PepperJack, Colby, Provolone or Muenster', 'Sliced tomatoes,', 'pickles, red or yellow onion, avocado, cooked bacon or sauteed mushrooms']",673b98e311e322a5d3ed8b49
Beef Shawarma,"['2 1/2 lbs strip steak (such as New York), trimmed of excess fat*, cut into 1 1/2 inches pieces that are 1/4-inch thick', '3 Tbsp plus more for griddle', '1 1/2 Tbs', '1 1/2 Tbsp', '1 Tbsp minced (3 cloves)', '1 1/2 tsp', '1 tsp', '1 tsp', '1 tsp', '3/4 tsp', '1/2 tsp', '1/2 tsp', '1/4 tsp', '1/4 tsp ground cardamom', '1/4 tsp', '1/4 tsp', '1/4 tsp', '1/4 tsp or more to taste']","['In a large mixing bowl whisk together 3 Tbsp olive oil, the red wine vinegar, lemon juice, garlic, salt, pepper, cumin, coriander, paprika, allspice, oregano, cloves, cardamom, cinnamon, ginger, turmeric and cayenne pepper.', 'Add steak pieces and toss well to evenly coat in marinade. Cover bowl and transfer to fridge. Let marinate 2 to 6 hours.', 'Heat a lightly oiled cast iron griddle over medium-high heat for several minutes and turn on exhaust fan.', 'Quickly add half of the steak pieces to the skillet and very quickly spread them into a single layer leaving space between pieces. Let cook 45 to 60 seconds until browned on bottom.', 'Very quickly turn pieces and let cook until medium in center, about 45 to 60 seconds longer. Transfer to a serving bowl.', 'Repeat cooking process with remaining half of the steak. Serve plain or optionally serve over rice or in pita with desired toppings (see ideas below).']",[],673b98e311e322a5d3ed8b4a
Summery Chicken Pasta Salad,"['2/3 cup', '1/3 cup', '1/3 cup', '1/2 cup finely chopped', '1 Tbsp', '2 tsp minced (2 cloves)', 'and black pepper, to taste']","['In a small mixing bowl whisk together olive oil, mayonnaise, lemon juice, parsley, dill, garlic and season with salt and pepper to taste. Refrigerate until ready to use.', 'Bring a large pot of water to a boil and season the water with salt (I use about 2 Tbsp).', 'Add corn and boil (while turning as needed so all sides cook), 4 minutes. Remove corn and let cool while keeping water boiling.', 'Add pasta to boiling water and cook to al dente according to times listed on pasta package. Reserve 1/2 cup pasta water before draining pasta.', 'Transfer drained pasta to a greased baking sheet and let cool 10 to 20 minutes.', 'Cut corn kernels from corn cobs.', 'In a extra large bowl add cooled pasta, corn, bacon, tomatoes, cheddar cheese, cucumber, green onions, and cooked chicken. ', 'Pour dressing over along with 1/4 cup pasta water then toss to evenly coat. Thin with more pasta water as needed (as it rests it will thicken) and season with more salt as needed.', 'If time allows let flavors meld in fridge for 1 to 2 hours, otherwise it can be served right away.']","['2', 'ears', 'fresh yellow corn', '16 ', 'oz', ' mini bow tie pasta', '12', 'slices (12 oz)', 'cooked, drained and chopped*', '12', 'oz.', 'halved', '8', 'oz.', 'sharp cheddar cheese,', ' cut into 1/4-inch cubes', '1 1/2', 'cups chopped', '(about 3/4 of one medium)', '1', 'cup chopped', '(about 5)', '3 1/2', 'cups', 'cooked shredded rotisserie chicken,', 'chilled', '1/4', 'cup', 'pasta water,', 'or more as needed']",673b98e311e322a5d3ed8b4b
Navajo Tacos,"['1 Tbsp', '3/4 cup diced', '2 cloves garlic finely minced', '1 lb', '2 tsp', '1 tsp', '1/2 tsp', '1 (15 oz) can dark red kidney beans, drained and rinsed', '1 (14.5 oz) can', '1 (4 oz) can diced green chilis (mild if preferred)', 'to taste']","['Using a slotted spoon, spoon mixture over prepared fry bread, then top with lettuce, cheese, tomatoes and sour cream (and any of the other optional toppings listed). Serve immediately.']",[],673b98e311e322a5d3ed8b4c
One Pot Skillet Lasagna,"['1 Tbsp', '1 lb (90 to 95% lean)', '1 Tbsp minced fresh garlic', 'and black pepper', '1 (24 oz) jar (I like to use Classico Four Cheese here)', '1 1/4 cups water, then more if needed', '3 Tbsp chopped  plus more for garnish', '3 Tbsp chopped', '1/4 tsp or more to taste (optional)', '9 (7.5 oz) uncooked lasagna noodles,  broken into 1 1/2-inch pieces', '1 cup (4 oz) shredded mozzarella cheese', '1 cup  (8 oz)', '1/3 cup (1.4 oz) freshly grated']","['Heat olive oil in a 12-inch skillet or ', ' over medium-high heat.', 'Crumble in beef in chunks then season with salt and pepper. Let sear until slightly browned on bottom for a few minutes then turn and crumble up beef. Once beef is nearly cooked through add garlic and continue to toss and cook beef through.', 'Pour in marinara sauce and water. Add parsley, basil, red pepper flakes and season with salt and pepper to taste. Bring to a light simmer.', 'Add lasagna noodles and toss and submerge into liquid. Cover, reduce heat to moderately low. Simmer until pasta is nearly tender, stirring occasionally and adding a little more water as needed, for about 15 minutes.', 'Dollop in half of the ricotta (in about 5 scoops), sprinkle in half of the mozzarella and half of the parmesan. Stir a few times to submerge cheese. Cover with remaining half of the cheeses (again dolloping ricotta).', 'Cover and continue to cook until cheese is melted, about 3 to 5 minutes longer.', 'Let rest about 5 minutes off heat. Sprinkle with parsley if desired and serve.']",[],673b98e311e322a5d3ed8b4d
Biscuits and Sausage Gravy,"['2 cups (283g) (scoop and level to measure)', '1 Tbsp aluminum free baking powder', '2 tsp', '1/4 tsp', '1/2 tsp', '8 Tbsp (113g) divided, 7 Tbsp cold, 1 Tbsp melted', '1 cup (235ml) cold']","['Preheat oven to 450 degrees. Line an 18 by 13-inch baking sheet with parchment paper.', 'In a large mixing bowl whisk together flour, baking powder, sugar, baking soda and salt for 20 seconds.', 'Cut 7 Tbsp cold butter into small cubes. Add to flour mixture and cut butter into mixture with a pastry cutter until there are small clumps of butter about the size of peas, make a well in the center of mixture.', 'Pour buttermilk into well then fold mixture with a rubber spatula until it comes together. Gently turn and press dough to bring together completely, then drop onto a lightly floured surface.', 'Gently roll dough out to a large rectangle, about 10 by 9. Fold in half then repeat gently rolling and folding process twice more.', 'Gently roll and shape final rectangle to 9 1/2-inches by 4 3/4-inches (nearly 1-inch high). ', 'Cut dough into 8 squares (dust knife with flour as needed), when cutting cut straight down in one cut rather then moving side to side downward as this will seal edges.', 'Transfer to baking sheet spacing apart. Bake in preheated oven 10 - 13 minutes until golden brown and cooked through. Brush with 1 Tbsp melted butter after baking.', 'Set a 12-inch oiled cast iron skillet over medium-high heat. Break sausage into chunks and add to pan. Let sear on bottom for a couple of minutes until browned then start to break up and toss sausage.', 'Let cook until no longer pink, tossing occasionally. Melt butter in with sausage near the end.', 'Reduce heat to medium. Sprinkle in flour and season with pepper to taste (I use a fair amount, about 1 tsp), then cook stirring constantly 1 - 2 minutes.', 'While stirring pour in milk, season with salt to taste. Cook stirring frequently until mixture simmers and thickens. If needed pour in more milk to thin to reach desired consistency. Serve warm over halved biscuits.']","['1', 'lb.', 'pork breakfast sausage', '1/3', 'cup (47g)', 'to taste', '3', 'cups  (710ml)', '2', 'Tbsp', 'if needed']",673b98e311e322a5d3ed8b4e
Beef Tenderloin (with Garlic Butter Sauce),"['5 lb. peeled beef tenderloin', 'and black pepper', '1 Tbsp', '6 Tbsp cut into 1 Tbsp pieces', '6 single', '2 single sprigs fresh rosemary', '6 garlic peeled and smashed (can add a few more cloves to taste)']","['Halve the beef tenderloin into two equal portions to make two roasts.', 'Tie each piece snuggly with strands of kitchen twine at 1-inch intervals, while tucking thinner tail end under if there is one to create a roast with even thickness so it cooks evenly.', 'Season each portion liberally with kosher salt (I use 2 Tbsp total, but season to your preference). ', 'Place on a wire rack set over a rimmed baking sheet and let rest in refrigerator uncovered for 12 to 24 hours.', 'Preheat oven to 300 degrees. Insert an oven probe thermometer into one of the tenderloins (if one is smaller in width test this one first, then after test for doneness of the second portion as the smallest will finish first).', 'Transfer roast on the wire rack to a clean rimmed 18 by 13-inch baking sheet covered with aluminum foil. Sprinkle all sides with a fair amount of pepper (1 to 2 tsp total).', 'Bake in oven until probe thermometer registers 125 degrees for medium-rare or 130 degrees for medium in center (this will take about 1 hour to 1 hour 40 minutes depending on thickness of the tenderloin you used and desired doneness). Test both portions.', 'Remove tenderloins from oven and let rest 10 minutes.', 'Preheat vegetable oil a cast iron skillet over medium-high heat.', 'Dab exterior of each tenderloin dry with paper towels. Transfer both to skillet and sear about 1 to 2 minutes per all 4 sides until well browned. Once you turn to the 4th side add the butter, garlic, thyme and rosemary to the skillet around the tenderloins. ', ""Remove the tenderloins to a cutting board and let the butter cook in skillet 1 minute longer if it hasn't yet browned and the garlic isn't toasted. Then pour butter into a dish so it doesn't continue to cook and burn."", 'Cut and remove twine. Slice tenderloins into 1/2-inch thick slices, then remove herbs from garlic butter and drizzle it over the beef. Season lightly with salt and pepper as desired.']",[],673b98e311e322a5d3ed8b4f
Honey Baked Ham,"['1 (8 - 10 lb) fully cooked spiral sliced ham*', '2 Tbsp', '1/2 cup', '1/2  cup packed light brown sugar', '1 Tbsp', '3/4 tsp', '1/4 tsp', '1/4 tsp', '1/8 tsp', '1/2 tsp fresh orange zest (optional)', '1 oven bag']","[""Leave ham's plastic or foil covering intact and place ham in a large container (or a clean sink that plugs up well) and cover with hot tap water. Let rest 45 minutes.\xa0"", 'Drain water then cover with hot tap water again and let rest 45 minutes longer. Near the end adjust oven rack to lowest position and preheat oven to 250 degrees.\xa0', 'Unwrap ham and remove plastic disk below ham bone. Place ham in oven bag and wrap bag so it fits snugly around ham. Tie bag and cut away excess plastic on top. Cut 4 small slits in top of bag.\xa0\xa0', 'Set ham cut-side down in a large roasting pan and bake in preheated oven until center registers 100 degrees on an instant read thermometer, about 1 - 1 1/2 hours (about 10 minutes per pound).\xa0\xa0', ""Near the end of baking, melt butter in a small saucepan over medium heat. Add in brown sugar, honey, mustard, pepper, cinnamon, ginger and cloves and cook, whisking constantly, just until sugar dissolves, about 2 - 3 minutes. Stir in orange zest and let cool just until it's about the consistency of honey, about 10 minutes (when ready to glaze ham rewarm glaze as needed if it has thickened too much).\xa0"", 'Remove ham from oven. Increase oven temperature to 375 degrees. Cut oven bag and roll down to expose ham. Brush all over with 1/2 of the glaze. Bake in oven 5 minutes then remove and brush with remaining glaze. Bake 10 minutes longer. Remove from oven, tent with foil and let rest 10 minutes before carving and serving.', 'Recipe source: cooking method adapted from ']",[],673b98e311e322a5d3ed8b50
Grilled Steak,"['2 (1 lb. each) ribeye steaks,*  1 1/4 to 1 1/2-inches thick (I use boneless)', '1 1/2 tsp or as desired', '1 tsp', '4 Tbsp', '2 tsp minced', '3/4 tsp minced fresh garlic']","['Place steaks on a plate. Sprinkle each side evenly with a fair amount of kosher salt.', 'Let steak rest at room temperature 45 minutes to 60 minutes.***', 'Meanwhile in a small mixing bowl stir together butter, rosemary and garlic. Set aside.', 'Heat a grill over moderately high heat, to about 450 to 500 degrees. ', 'Sprinkle each side of both steaks with pepper.', 'Grill steaks about 3 1/2 to 7 minutes per side to desired doneness.**** Rare steaks will be near lesser time while more well done will be near greater time. Use an instant read food thermometer to test for doneness in center of thickest portion of steak.', 'Let steaks rest off heat 5 minutes.  Brushed with the garlic herb butter, slice and serve.']",[],673b98e311e322a5d3ed8b51
Bulgogi,"['1 1/4 lbs top sirloin steak,* or tenderloin or ribeye', '1/3 cup grated pear, or sweet apple', '1/3 cup thinly sliced light portion only, reserve sliced greens for serving', '1 Tbsp minced (3 cloves)', '2 tsp minced fresh ginger', '3 Tbsp', '1 Tbsp rice wine or mirin', '1 Tbsp', '2 Tbsp', '1/2 tsp', '4 tsp', 'for garnish (optional)']","[""Freeze steak for 1 to 2 hours for easier slicing. Slice the steak into long strips (if steak isn't already narrow) about 1 to 1 1/2-inches wide. Then thinly slice beef against the grain about 1/8-inch thick, cut slices into 2-inch pieces."", 'In a mixing bowl whisk together pear, green onion light portion (1/3 cup), garlic, ginger, soy sauce, rice wine, sesame oil, sugar, and black pepper. ', 'Toss beef with marinade mixture. Cover bowl then transfer to fridge and let steak marinade for at least 1 hour and up to 24 hours.', 'Heat a cast iron skillet over moderately high heat. Once skillet is just smoking add 2 tsp vegetable oil then carefully tilt pan (using hot pads) to coat bottom surface with oil.', ""Quickly add half of the steak and spread out even (be sure pieces aren't overlapping or they won't cook). Let sear until browned on bottom about 30 to 60 seconds. Quickly flip pieces and sear on opposite side until browned about 30 to 60 seconds longer."", 'Transfer beef to a plate. Using a few paper towels that have been balled up and lightly dampened with water wipe skillet clean. Return to moderately high heat and let heat again.', 'Add remaining 2 tsp vegetable oil and remaining half of beef and repeat cooking process.', 'Serve steak right away garnished with a few tablespoons of sliced green onion greens and toasted sesame seeds to taste.']",[],673b98e311e322a5d3ed8b52
Steak Tacos,"['1 1/2 lbs. sirloin steak or New York Steak (preferably prime grade or well marbled with fat)', '3 Tbsp', '3 Tbsp', '2 tsp', '2 tsp minced', '1.5 tsp ancho chili powder', '1 tsp', '1 tsp', '1 tsp', '4 tsp divided']","['Trim away any large chunks of fat and cut steak into strips that are 1/2-inch thick, then cut into pieces that 3/4-inch in size.', 'In a large mixing bowl whisk together lime juice, olive oil, honey, garlic, ancho chili powder, cumin, salt and pepper.', 'Add steak pieces to lime mixture then toss well to coat. Cover and refrigerate 1 hour and up to 6 hours.', 'Heat 2 tsp vegetable oil in a cast iron skillet over medium-high heat.', 'Once oil is just smoking, use tongs to remove half the steak from the bowl (shake off some excess marinade) and transfer to pan and immediately spread steak pieces out into an even single layer in pan (stand back it can splatter).', 'Let cook about 45 seconds until nicely browned on bottom, then very quickly flip each piece and cook to desired doneness, about 45 seconds longer (for food safety USDA recommends internal safe temperature of 145 degrees on an instant read thermometer, I like to go to about 135 degrees). Transfer steak to a plate.', 'Wipe skillet clean using tongs and a ball of paper towels. Return to heat and add remaining 2 tsp oil and let heat. Repeat cooking and transferring process with remaining steak.', 'Serve right away in warmed tortillas with avocado, onion and cilantro.']","['10', '(6-inch)', 'warmed', '1', 'diced', '1/2', 'small', 'or white onion, diced', '1/4', 'cup chopped']",673b98e311e322a5d3ed8b53
Bolognese Sauce,"['6 Tbsp cut into 1 Tbsp pieces, divided*', '1 1/2 cups finely chopped', '1 1/4 cups peeled and finely chopped carrot', '1 cup finely chopped', '1 1/2 Tbsp minced (4 cloves)', '2 lbs. 85% lean ground beef', 'and black pepper', '2 (28 oz each) cans San Marzano tomatoes in puree, well crushed by hand (such as Cento)', '1 1/2 cups', '1 cup such as Sauvignon Blanc', '1/3 cup fresh basil stems (with leaves)', '1 parmesan rind', '1 cup parmesan for serving, or more to taste', 'Unsalted chicken stock or broth, as needed to thin sauce']","['Melt 1 1/2 Tbsp butter in a large pot over medium-high heat.', 'Add onion, carrot and celery and saute 4 minutes. Add garlic and saute 1 minute longer. Transfer mixture to a large plate.', 'Melt 1 1/2 Tbsp butter in now empty pot over medium-high heat. Dab beef dry with paper towels, then break beef into 4 large chunks into pot.', 'Season lightly with salt and pepper. Let sear until browned on bottom, about 3 minutes, turn and sear until browned again on opposite side, about 3 minutes longer. Then break up beef and cook through a few minutes longer.', 'Return vegetables to pot with the beef, pour in milk and stir. Bring to a simmer then reduce heat to medium-low and let simmer until majority of milk has evaporated and just fat remains, about 10 - 20 minutes.', 'Stir in tomatoes, wine, basil and parmesan rind. Bring mixture to a simmer.', 'Reduce heat to very low (it should be at a very low simmer with just be a few bubbles over the surface, on my stovetop I have to transfer to a small burner with a  low flame).', 'Let simmer 4 hours, stirring occasionally and thinning with broth as needed. Season lightly with salt and pepper to taste as it cooks (keep in mind it will reduce and saltiness will become more concentrated so careful not to overdue it you can always add more later).', 'Remove basil stems and parmesan rind. Stir in remaining 3 Tbsp butter until melted (or heavy cream if using instead).', 'Toss sauce with cooked pasta of choice (tagliatelle, pappardelle, spaghetti, or fettuccine are great choices), thin with some of the pasta cooking water.']",[],673b98e311e322a5d3ed8b54
Roasted Tri Tip,"['2 to 2 1/2 lb tri tip*', '2 tsp or to taste', '1 1/2 tsp', '1 tsp ancho chili powder', '1 tsp smoked paprika', '1 tsp', '1 Tbsp']","['In a small mixing bowl whisk together salt, pepper, ancho chili powder, smoked paprika and garlic powder. Rub over entire tri tip coating every surface. ', 'Let it rest at room temperature for 1 hour, or cover and refrigerate up to 24 hours then let rest at room temperature 1 hour. During last 15 minutes of resting preheat oven to 350 degrees.', 'Place roast on an oven safe wire cooling rack then place rack over a rimmed baking sheet. ', 'Insert an oven safe food probe thermometer into roast into center of thickest portion. Set thermometer about 5 degrees shy of desired doneness temperature.', 'Bake tri tip in preheated oven until it is about 5 degrees shy of target temperature,** about 40 to 55 minutes (bake time will vary quite a bit based on thickness of roast and desired doneness). ', 'Near the end of baking preheat a cast iron skillet over medium-high heat on the stovetop for about 5 minutes. Turn on exhaust fan.', 'Add 1 Tbsp vegetable oil to the skillet.', 'Sear the tri tip in the skillet until evenly browned all sides about 4 to 6 minutes total (it should rise about 5 more degrees while searing), and tri tip has reached desired doneness (I like about 130 to 135°F).', 'Transfer to a cutting board, tent with foil and let rest 10 minutes (it should rise about 5 more degrees). Slice thin then serve.']",[],673b98e311e322a5d3ed8b55
Crock Pot Ham,"['8 lb. bone-in fully cooked spiral sliced half ham', '1/2 cup apple juice concentrate', '1/3 cup real maple syrup', '2 Tbsp spicy brown mustard', '1/2 tsp', '1 tsp orange zest', '1/3 cup packed light brown sugar', '1 tsp', '2 Tbsp mixed with 1/4 cup water (optional, for thickening)']","[""Place ham in a 6 or 7 quart slow cooker on it's side."", 'In a mixing bowl whisk together apple juice concentrate, maple syrup, mustard, orange zest and ginger.', 'Slowly pour juice mixture over ham while separating slices to pour mixture between each slice, then close slices back together. Turn ham then using a baster repeat pouring mixture (which is now at the bottom of the slow cooker) over other side and between slices then close slices back together.', 'Sprinkle brown sugar and pepper evenly over ham. Cover slow cooker with a large sheet of heavy duty aluminum foil wrapping it snuggly around all edges (or use the slow cooker lid if it fits).', 'Cook on low heat until just heated through, about 3 to 4 hours.', 'Remove the ham from slow cooker to a carving board and cover with foil to rest for about 10 minutes.', ""If you'd like a thicker glaze remove 1 3/4 cups juices from the slow cooker and transfer to a small saucepan."", 'Whisk together the cornstarch and water, pour into saucepan. Heat mixture over medium heat, stirring frequently until it simmers and thickens. Carve ham and pour desired amount of mixture over ham.', 'If you opted not to thicken the glaze mixture then just pour some of the juices from slow cooker over ham. Serve warm.']",[],673b98e311e322a5d3ed8b56
Beef Stew,"['2 1/4 lbs. trimmed of excess fat, cut into 1 1/4-inch cubes', 'and freshly ground black pepper', '3 1/2 Tbsp divided', '2 cups chopped (1 large)', '1 1/2 Tbsp minced (about 4 cloves)', '1/4 cup', '1.5 Tbsp', '1 cup dry red wine, such as Pinot Noir or Cotes du Rhone', '3 1/2 cups', '2 tsp', '1 Tbsp', '2 tsp minced', '2', '20 oz. red potatoes, scrubbed and rinsed clean', '14 oz. (about 4)', '1 Tbsp', '2 Tbsp minced']","['Move oven rack to lower third of the oven. Preheat oven to 300 degrees.', 'Heat 1 Tbsp olive oil in a large oven safe pot (such as an enameled dutch oven) over medium-high heat.', 'Dab half of the roast dry with paper towels, season lightly with salt and pepper then add to the pot leaving space between pieces.', 'Sear until browned on bottom, about 3 - 4 minutes. Turn and brown on opposite side, about 2 minutes longer. Transfer to a plate.', 'Add another 1/2 Tbsp oil to pot and repeat process (of drying, seasoning and searing) with remaining half of beef. Transfer second batch of beef to the plate as well.', 'Reduce heat to medium, add 2 Tbsp olive oil then add onions. Saute 5 minutes or until slightly golden brown.', 'Add garlic and saute 30 seconds longer. ', ""Stir in flour and tomatoes paste, and cook stirring constantly, about 45 to 60 seconds (reduce burner temp if needed so it doesn't burn)."", 'While stirring slowly pour in red wine, scrape up browned bits from the bottom of the pot. While stirring pour in beef broth and Worcestershire sauce.', 'Return beef to pot along with thyme, rosemary and bay leaves, stir. Bring to a simmer stirring frequently.', 'Remove from heat. Cover pot with the lid and transfer to the oven. Let cook 1 1/2 hours.', 'Once time is almost up cut the potatoes into 1-inch cubes, then peel and cut the carrots into 1-inch chunks (larger portions can be halved). Stir potatoes and carrots into stew then cover and return to the oven.', 'Bake until vegetables are tender, about 60 to 70 minutes longer.', 'Remove bay leaves, stir in balsamic vinegar and season stew with salt and pepper to taste. Let rest off heat for about 5 minutes before serving. Garnish servings with parsley.']",[],673b98e311e322a5d3ed8b57
